n,exact_match,micro_f1,macro_f1,precision,recall,avg_pred_labels,invalid_pred_labels,condition,k,parse_ok_rate,model
276,0.7427536231884058,0.7987012987012987,0.3781722478176506,0.7834394904458599,0.8145695364238411,1.1376811594202898,0,raw_pool_gtr_rerank,5,1.0,gpt-5.4
276,0.7608695652173914,0.803921568627451,0.3773177668402187,0.7935483870967742,0.8145695364238411,1.1231884057971016,0,raw_pool_gtr_rerank_score_prompt,5,1.0,gpt-5.4
