{
  "meta": {
    "experiment": "threshold_vs_gtr",
    "checkpoint": "artifacts/hybrid_gtr_v2_improved/hybrid_gtr_v2_best.pt",
    "claim": "GTR v2 improves legal over-application beyond raw threshold tuning."
  },
  "main_table": [
    {
      "method": "Raw + default threshold",
      "valid": {
        "micro_f1": 0.8015051740357478,
        "macro_f1": 0.28442987052885516,
        "exact_match": 0.5543478260869565,
        "precision_micro": 0.6915584415584416,
        "recall_micro": 0.9530201342281879,
        "avg_pred": 2.2318840579710146,
        "total_pred": 616
      },
      "test": {
        "micro_f1": 0.7723502304147466,
        "macro_f1": 0.30163318598908334,
        "exact_match": 0.4492753623188406,
        "precision_micro": 0.6608832807570978,
        "recall_micro": 0.9290465631929047,
        "avg_pred": 2.2971014492753623,
        "total_pred": 634
      },
      "threshold_type": "global",
      "threshold": 0.0
    },
    {
      "method": "Raw + global threshold",
      "valid": {
        "micro_f1": 0.8015051740357478,
        "macro_f1": 0.28442987052885516,
        "exact_match": 0.5543478260869565,
        "precision_micro": 0.6915584415584416,
        "recall_micro": 0.9530201342281879,
        "avg_pred": 2.2318840579710146,
        "total_pred": 616
      },
      "test": {
        "micro_f1": 0.7723502304147466,
        "macro_f1": 0.30163318598908334,
        "exact_match": 0.4492753623188406,
        "precision_micro": 0.6608832807570978,
        "recall_micro": 0.9290465631929047,
        "avg_pred": 2.2971014492753623,
        "total_pred": 634
      },
      "threshold_type": "global",
      "threshold": 0.0,
      "valid_tuned_micro_f1": 0.8015051740357478
    },
    {
      "method": "Raw + class-wise threshold",
      "valid": {
        "micro_f1": 0.8183807439824945,
        "macro_f1": 0.3039293893002223,
        "exact_match": 0.5797101449275363,
        "precision_micro": 0.8008565310492506,
        "recall_micro": 0.8366890380313199,
        "avg_pred": 1.6920289855072463,
        "total_pred": 467
      },
      "test": {
        "micro_f1": 0.7824267782426778,
        "macro_f1": 0.3189987375530239,
        "exact_match": 0.5362318840579711,
        "precision_micro": 0.7405940594059406,
        "recall_micro": 0.8292682926829268,
        "avg_pred": 1.8297101449275361,
        "total_pred": 505
      },
      "threshold_type": "class-wise",
      "threshold_mean": 0.6041752099990845,
      "threshold_std": 0.8900249600410461,
      "threshold_global_offset": 0.5666440391540511,
      "valid_tuned_micro_f1": 0.8183807439824945
    },
    {
      "method": "Raw + temperature scaling",
      "valid": {
        "micro_f1": 0.8015051740357478,
        "macro_f1": 0.28442987052885516,
        "exact_match": 0.5543478260869565,
        "precision_micro": 0.6915584415584416,
        "recall_micro": 0.9530201342281879,
        "avg_pred": 2.2318840579710146,
        "total_pred": 616
      },
      "test": {
        "micro_f1": 0.7723502304147466,
        "macro_f1": 0.30163318598908334,
        "exact_match": 0.4492753623188406,
        "precision_micro": 0.6608832807570978,
        "recall_micro": 0.9290465631929047,
        "avg_pred": 2.2971014492753623,
        "total_pred": 634
      },
      "threshold_type": "probability-global",
      "temperature": 0.3093408942222595,
      "probability_threshold": 0.5,
      "valid_tuned_micro_f1": 0.8015051740357478
    },
    {
      "method": "GTR v2",
      "valid": {
        "micro_f1": 0.8725602755453502,
        "macro_f1": 0.28806147995277676,
        "exact_match": 0.7137681159420289,
        "precision_micro": 0.8962264150943396,
        "recall_micro": 0.8501118568232662,
        "avg_pred": 1.536231884057971,
        "total_pred": 424
      },
      "test": {
        "micro_f1": 0.8612975391498882,
        "macro_f1": 0.3253171900393857,
        "exact_match": 0.7137681159420289,
        "precision_micro": 0.8690744920993227,
        "recall_micro": 0.8536585365853658,
        "avg_pred": 1.605072463768116,
        "total_pred": 443
      },
      "threshold_type": "global",
      "threshold": 0.0
    },
    {
      "method": "GTR v2 + threshold tuning",
      "valid": {
        "micro_f1": 0.8725602755453502,
        "macro_f1": 0.28806147995277676,
        "exact_match": 0.7137681159420289,
        "precision_micro": 0.8962264150943396,
        "recall_micro": 0.8501118568232662,
        "avg_pred": 1.536231884057971,
        "total_pred": 424
      },
      "test": {
        "micro_f1": 0.8612975391498882,
        "macro_f1": 0.3253171900393857,
        "exact_match": 0.7137681159420289,
        "precision_micro": 0.8690744920993227,
        "recall_micro": 0.8536585365853658,
        "avg_pred": 1.605072463768116,
        "total_pred": 443
      },
      "threshold_type": "global-exact-match",
      "threshold": 0.0,
      "valid_tuned_micro_f1": 0.8725602755453502,
      "valid_tuned_exact_match": 0.7137681159420289
    }
  ],
  "matched_operating_points": {
    "raw_at_gtr_recall": {
      "threshold": 1.3208800433217451,
      "micro_f1": 0.8527472527472527,
      "macro_f1": 0.3281338464705398,
      "exact_match": 0.6739130434782609,
      "precision_micro": 0.8453159041394336,
      "recall_micro": 0.8603104212860311,
      "avg_pred": 1.6630434782608696,
      "total_pred": 459
    },
    "raw_at_gtr_avg_pred": {
      "threshold": 1.46024973634599,
      "micro_f1": 0.8430493273542601,
      "macro_f1": 0.31792795789468803,
      "exact_match": 0.6630434782608695,
      "precision_micro": 0.8526077097505669,
      "recall_micro": 0.8337028824833703,
      "avg_pred": 1.5978260869565217,
      "total_pred": 441,
      "avg_pred_abs_diff": 0.007246376811594235
    },
    "raw_at_gtr_tuned_recall": {
      "threshold": 1.3208800433217451,
      "micro_f1": 0.8527472527472527,
      "macro_f1": 0.3281338464705398,
      "exact_match": 0.6739130434782609,
      "precision_micro": 0.8453159041394336,
      "recall_micro": 0.8603104212860311,
      "avg_pred": 1.6630434782608696,
      "total_pred": 459
    },
    "raw_at_gtr_tuned_avg_pred": {
      "threshold": 1.46024973634599,
      "micro_f1": 0.8430493273542601,
      "macro_f1": 0.31792795789468803,
      "exact_match": 0.6630434782608695,
      "precision_micro": 0.8526077097505669,
      "recall_micro": 0.8337028824833703,
      "avg_pred": 1.5978260869565217,
      "total_pred": 441,
      "avg_pred_abs_diff": 0.007246376811594235
    },
    "targets": {
      "gtr_recall": 0.8536585365853658,
      "gtr_avg_pred": 1.605072463768116,
      "gtr_tuned_recall": 0.8536585365853658,
      "gtr_tuned_avg_pred": 1.605072463768116
    }
  }
}