{
  "rows": [
    {
      "n": 276,
      "exact_match": 0.7355072463768116,
      "micro_f1": 0.7744,
      "macro_f1": 0.3702399430334263,
      "precision": 0.7986798679867987,
      "recall": 0.7515527950310559,
      "avg_pred_labels": 1.0978260869565217,
      "invalid_pred_labels": 0,
      "condition": "raw_pool_gtr_rerank",
      "k": 5,
      "parse_ok_rate": 0.9927536231884058,
      "model": "Qwen/Qwen3-8B"
    },
    {
      "n": 276,
      "exact_match": 0.7355072463768116,
      "micro_f1": 0.7898089171974523,
      "macro_f1": 0.3784866614994007,
      "precision": 0.8104575163398693,
      "recall": 0.7701863354037267,
      "avg_pred_labels": 1.108695652173913,
      "invalid_pred_labels": 0,
      "condition": "raw_pool_gtr_rerank_score_prompt",
      "k": 5,
      "parse_ok_rate": 0.9927536231884058,
      "model": "Qwen/Qwen3-8B"
    }
  ]
}